book_id,title,author,category,quantity,library_id
1,Operative explicit structure,Joseph Castro,Science Fiction,10,6
2,Centralized well-modulated portal,Kristin Brown,Romance,4,9
3,Innovative grid-enabled strategy,Mr. David Gonzales,Fantasy,9,6
4,Organic needs-based capability,Isaac Fleming,Science Fiction,9,8
5,Advanced 24hour software,Nicole Kim,Biography,5,9
6,Multi-tiered logistical secured line,Michael Cooper,Romance,10,4
7,Monitored eco-centric approach,Courtney Harvey,Biography,3,3
8,Synergized eco-centric success,Elizabeth Herman,Science Fiction,1,2
9,Horizontal impactful monitoring,Victoria Lloyd,Science Fiction,2,9
10,Innovative executive contingency,Michael Conner,Self-Improvement,9,5
11,Triple-buffered uniform knowledge user,Ashley Hill,Self-Improvement,7,4
12,Digitized zero tolerance approach,Sharon Woods,Self-Improvement,6,10
13,Diverse secondary application,Amy Scott,Self-Improvement,1,4
14,Fully-configurable incremental product,Jason Burgess,Self-Improvement,6,8
15,Visionary heuristic paradigm,Bryce Weaver,Romance,8,8
16,Centralized stable focus group,Stephen Armstrong,Romance,2,4
17,Implemented value-added paradigm,Nicole Campbell,Science Fiction,1,5
18,Cross-group hybrid functionalities,James Hunter,Science Fiction,7,2
19,Adaptive non-volatile capability,Maria Ruiz,Romance,9,6
20,Total high-level paradigm,Brandi Kim,Science Fiction,9,3
21,Intuitive 24/7 utilization,Kelly Murphy,Science Fiction,8,10
22,User-centric eco-centric product,Gregory Boyer,Fantasy,5,9
23,Universal scalable Graphic Interface,Karen Long,Romance,6,9
24,Self-enabling tertiary toolset,Thomas Hoffman,Romance,4,6
25,Multi-lateral zero administration hardware,Jeffrey Weber,Fantasy,6,6
26,Organic logistical model,Anthony Bowen,Biography,4,5
27,Distributed mobile firmware,Olivia Villarreal,Fantasy,3,1
28,Reduced mobile frame,Teresa Mueller,Biography,7,4
29,Fully-configurable incremental methodology,Michael Johnson,Self-Improvement,9,5
30,Grass-roots dedicated approach,Edward Riley,Romance,8,6
31,Progressive 6thgeneration instruction set,Troy Torres,Romance,10,8
32,Operative motivating implementation,Marissa Wallace,Romance,10,6
33,Persistent composite structure,Mark Jacobs,Science Fiction,10,4
34,Re-contextualized eco-centric encryption,Colleen Erickson,Science Fiction,2,1
35,Reduced actuating function,Toni Russell,Science Fiction,1,4
36,Horizontal well-modulated solution,Heather Gross,Biography,9,3
37,Customizable non-volatile flexibility,Heidi Smith,Self-Improvement,9,3
38,Future-proofed real-time process improvement,Mr. Robert Meyer DVM,Fantasy,2,1
39,Diverse value-added hierarchy,Adriana Davila,Fantasy,1,6
40,Function-based tertiary framework,Brandon Russell,Romance,6,6
41,Public-key real-time software,James Spencer,Fantasy,1,2
42,Profit-focused client-server success,Natasha Fuller DDS,Romance,4,9
43,Stand-alone directional conglomeration,Cindy Chandler,Fantasy,7,9
44,Ergonomic disintermediate moratorium,Tanya Underwood,Romance,10,2
45,Devolved cohesive hardware,Thomas Anderson,Romance,7,8
46,Profound static application,Steven Herrera,Science Fiction,7,10
47,Diverse intermediate firmware,Jason Robles,Fantasy,4,5
48,Programmable empowering superstructure,Cheryl Johnson,Science Fiction,3,5
49,Compatible secondary Local Area Network,Katherine Allen,Romance,5,2
50,Enhanced transitional archive,April Williams,Romance,2,9
51,Decentralized transitional utilization,Kimberly Johnson,Fantasy,8,3
52,Organized zero tolerance attitude,Joshua Lane,Fantasy,5,3
53,Re-engineered heuristic definition,Joe Hubbard,Biography,10,6
54,Enterprise-wide demand-driven open system,Willie Alexander,Self-Improvement,7,2
55,Up-sized value-added paradigm,Dr. Kathleen Williams,Science Fiction,5,2
56,Compatible empowering website,Austin Kline,Self-Improvement,10,4
57,Open-architected actuating functionalities,Susan Bullock,Science Fiction,7,6
58,Reactive analyzing conglomeration,Bianca Henry,Science Fiction,8,6
59,Visionary mission-critical time-frame,Kevin Perez,Science Fiction,1,5
60,Pre-emptive upward-trending toolset,Jackie Jones,Fantasy,8,1
61,Compatible modular challenge,James Macias,Self-Improvement,7,8
62,Public-key 4thgeneration function,Jeffrey Benson,Fantasy,6,9
63,Managed real-time model,Meghan Chavez,Science Fiction,4,9
64,Horizontal background product,Jennifer Browning,Self-Improvement,4,10
65,Balanced well-modulated ability,Melinda Miller,Fantasy,4,10
66,Streamlined 6thgeneration database,Alex Newman,Science Fiction,5,5
67,Enterprise-wide demand-driven model,Alicia Adams,Romance,7,1
68,Future-proofed systemic standardization,Clayton Carpenter,Self-Improvement,4,10
69,Secured analyzing paradigm,Alexander Fernandez,Science Fiction,10,10
70,Inverse user-facing orchestration,Emily Chambers,Fantasy,5,8
71,Networked disintermediate moratorium,Troy Krueger,Romance,2,9
72,Extended grid-enabled initiative,Joseph Miller,Biography,3,2
73,Fundamental explicit project,Richard Duncan,Romance,7,6
74,Centralized secondary open architecture,Joshua Obrien,Fantasy,3,3
75,Cloned tangible interface,Chris Johnson,Fantasy,2,8
76,Team-oriented fault-tolerant policy,Connor Martinez,Self-Improvement,2,10
77,Realigned system-worthy matrix,Michelle Walker,Romance,10,1
78,Secured optimizing attitude,Jacqueline Sims,Fantasy,6,3
79,Phased discrete adapter,Rebecca Jennings,Fantasy,3,7
80,Sharable zero-defect installation,Jeremy Harris,Self-Improvement,3,1
81,Open-architected national initiative,Kayla Espinoza,Biography,6,7
82,Enhanced reciprocal frame,Kathleen Evans,Science Fiction,1,10
83,Reactive systematic synergy,Michelle Jones,Biography,4,2
84,Intuitive 5thgeneration archive,Erika Waters,Self-Improvement,10,5
85,Mandatory client-server flexibility,Marissa Smith DDS,Biography,2,9
86,Horizontal disintermediate benchmark,David Cook,Biography,1,6
87,Persevering multi-state Local Area Network,Gary Lopez,Self-Improvement,4,2
88,Multi-layered logistical hierarchy,John Wright,Romance,4,7
89,De-engineered zero tolerance flexibility,Robert Williamson,Biography,4,10
90,Reduced optimizing matrix,Brian Rodriguez,Romance,8,5
91,Realigned national complexity,David Salinas,Science Fiction,7,8
92,Digitized tertiary extranet,Lori Schmidt,Science Fiction,6,6
93,Phased real-time hierarchy,Anita Blair,Self-Improvement,8,5
94,Centralized tangible time-frame,Matthew Campos,Romance,5,8
95,Decentralized needs-based array,Barry Adkins,Fantasy,3,5
96,Reduced multimedia access,Christine Crawford,Science Fiction,3,6
97,User-friendly impactful superstructure,Nathan Cunningham,Biography,8,5
98,User-centric bi-directional database,Christina Montoya,Self-Improvement,10,7
99,Fully-configurable demand-driven circuit,Terry Mooney,Science Fiction,9,8
100,Innovative foreground archive,Todd Cruz,Romance,8,6
