library_id,name,location
1,Olson-Baker,"85758 Russo Branch Suite 212
Popestad, SC 10333"
2,Harvey Ltd,"342 Monica Drive
New Troyberg, MT 95510"
3,Nelson Inc,"2821 Megan Glen
Amyborough, OK 40349"
4,Castillo Ltd,"23625 Matthew Shoal
East Robertmouth, FL 12822"
5,"Smith, Johnson and Little","8880 Helen Ports
East Stephenfort, WI 59702"
6,Gallegos LLC,"2787 Miller Plain
South Reneeview, TN 39563"
7,"Johnson, Walker and Cole","5163 Kristen Stravenue
West Philipport, GU 69865"
8,Collier-Walker,"961 Edwards Point
Barbarabury, DC 51969"
9,Walker and Sons,"250 Jimenez Fields Suite 736
East Tonya, NH 16122"
10,Thompson LLC,"094 Roy Centers
Matthewshire, MN 71156"
