user_id,username,email,password
1,alejandro54,vanessa86@example.com,VeLsiPcn(9
2,mikepollard,sally61@example.org,YEVilYG2)5
3,bray,mayssteven@example.net,GOHM7mYeq+
4,qdavis,timothy52@example.net,)7LSBufKRc
5,rodriguezjohn,charleslee@example.net,Xwx0MmZBo%
6,kelleredgar,thomashernandez@example.org,%9SGQz$JEM
7,nferguson,ngutierrez@example.net,ab4)nMP7r#
8,iswanson,croach@example.com,(7wK5AZnx3
9,lovescott,edwardsjames@example.com,q*Dm2fUDmw
10,gedwards,stephanie79@example.net,*+QtELFrV1
11,samanthamurray,connie29@example.com,6RFqLx5@*B
12,keithoneill,samanthariley@example.org,#6*Edp8(2D
13,michaelcruz,brewermark@example.org,o2EurbDU&C
14,carolyn75,kaitlinhenderson@example.com,BXA@21xm&7
15,bsteele,lopezjennifer@example.com,QlF*Ic+_&8
16,gsmith,kathleenhaynes@example.org,20fErd*9@i
17,rebekahjennings,angela05@example.org,M17RXbEc*$
18,sarah39,eguzman@example.org,X064Rsci)4
19,oramirez,zhart@example.net,%8y+RHya$b
20,amyjones,jonathanfields@example.net,*J2rB7rc2s
21,cruzdenise,gilberttiffany@example.com,qp3TbC28A^
22,robert44,yvettezimmerman@example.net,&0eKmNaRe)
23,njordan,bridgesdylan@example.com,%_q84K0j7u
24,bvelazquez,mjuarez@example.net,$$FoHNZzG0
25,davidkeith,bruce41@example.org,9JEkoMGg%O
26,walkerronald,gnguyen@example.com,tO*12KKnHB
27,flee,taylorkimberly@example.net,T64(I6Co%d
28,sallyhamilton,ebrown@example.com,j9pevVRr&W
29,michellerobinson,ksnyder@example.org,U1MVE1nu%P
30,greenrachel,bgolden@example.net,3y%*7JDiCG
31,qlawrence,webbkaren@example.com,v03qBeqs#%
32,timothydiaz,nicholasestrada@example.net,^pB&D+cE4j
33,hollyperkins,fdavis@example.org,*vG09gDfPe
34,michaelwebb,ethanrobbins@example.org,j35l)Hsz$*
35,xwright,robertchandler@example.net,C4QEN_Ez^u
36,brandon42,thorton@example.org,K3vs5qHlI)
37,zphillips,qromero@example.com,!g8PBsJkP#
38,mwilliams,nlee@example.com,@6aCfcDs1e
39,hhunter,smithconnor@example.net,g9%sNEzs(z
40,kcollins,stevewilliams@example.org,H*f5C^q!R%
